InputSize,Model,Aug,Class,precision,recall,f1,support
32,densenet121,aug_light,atopic_dermatitis,0.6842105263157895,0.65,0.6666666666666666,20
32,densenet121,noaug,atopic_dermatitis,0.6363636363636364,0.7,0.6666666666666666,20
40,densenet121,aug_light,atopic_dermatitis,0.5517241379310345,0.8,0.6530612244897959,20
40,densenet121,noaug,atopic_dermatitis,0.6,0.75,0.6666666666666666,20
48,densenet121,aug_light,atopic_dermatitis,0.6153846153846154,0.8,0.6956521739130435,20
48,densenet121,noaug,atopic_dermatitis,0.5769230769230769,0.75,0.6521739130434783,20
56,densenet121,aug_light,atopic_dermatitis,0.6190476190476191,0.65,0.6341463414634146,20
56,densenet121,noaug,atopic_dermatitis,0.5909090909090909,0.65,0.6190476190476191,20
64,densenet121,aug_light,atopic_dermatitis,0.5769230769230769,0.75,0.6521739130434783,20
64,densenet121,noaug,atopic_dermatitis,0.6,0.75,0.6666666666666666,20
80,densenet121,aug_light,atopic_dermatitis,0.6818181818181818,0.75,0.7142857142857143,20
80,densenet121,noaug,atopic_dermatitis,0.6666666666666666,0.8,0.7272727272727273,20
96,densenet121,aug_light,atopic_dermatitis,0.6428571428571429,0.9,0.75,20
96,densenet121,noaug,atopic_dermatitis,0.6071428571428571,0.85,0.7083333333333334,20
112,densenet121,aug_light,atopic_dermatitis,0.6333333333333333,0.95,0.76,20
112,densenet121,noaug,atopic_dermatitis,0.7391304347826086,0.85,0.7906976744186046,20
128,densenet121,aug_light,atopic_dermatitis,0.6956521739130435,0.8,0.7441860465116279,20
128,densenet121,noaug,atopic_dermatitis,0.7894736842105263,0.75,0.7692307692307693,20
160,densenet121,aug_light,atopic_dermatitis,0.6666666666666666,0.8,0.7272727272727273,20
160,densenet121,noaug,atopic_dermatitis,0.68,0.85,0.7555555555555555,20
192,densenet121,aug_light,atopic_dermatitis,0.6428571428571429,0.9,0.75,20
192,densenet121,noaug,atopic_dermatitis,0.68,0.85,0.7555555555555555,20
224,densenet121,aug_light,atopic_dermatitis,0.6206896551724138,0.9,0.7346938775510204,20
224,densenet121,noaug,atopic_dermatitis,0.72,0.9,0.8,20
256,densenet121,aug_light,atopic_dermatitis,0.6538461538461539,0.85,0.7391304347826086,20
256,densenet121,noaug,atopic_dermatitis,0.5714285714285714,1.0,0.7272727272727273,20
299,densenet121,aug_light,atopic_dermatitis,0.7307692307692307,0.95,0.8260869565217391,20
299,densenet121,noaug,atopic_dermatitis,0.7307692307692307,0.95,0.8260869565217391,20
32,efficientnet_b0,aug_light,atopic_dermatitis,0.46153846153846156,0.6,0.5217391304347826,20
32,efficientnet_b0,noaug,atopic_dermatitis,0.6363636363636364,0.35,0.45161290322580644,20
40,efficientnet_b0,aug_light,atopic_dermatitis,0.625,0.75,0.6818181818181818,20
40,efficientnet_b0,noaug,atopic_dermatitis,0.6296296296296297,0.85,0.723404255319149,20
48,efficientnet_b0,aug_light,atopic_dermatitis,0.631578947368421,0.6,0.6153846153846154,20
48,efficientnet_b0,noaug,atopic_dermatitis,0.6666666666666666,0.7,0.6829268292682927,20
56,efficientnet_b0,aug_light,atopic_dermatitis,0.7647058823529411,0.65,0.7027027027027027,20
56,efficientnet_b0,noaug,atopic_dermatitis,0.7142857142857143,0.75,0.7317073170731707,20
64,efficientnet_b0,aug_light,atopic_dermatitis,0.6333333333333333,0.95,0.76,20
64,efficientnet_b0,noaug,atopic_dermatitis,0.68,0.85,0.7555555555555555,20
80,efficientnet_b0,aug_light,atopic_dermatitis,0.6956521739130435,0.8,0.7441860465116279,20
80,efficientnet_b0,noaug,atopic_dermatitis,0.6785714285714286,0.95,0.7916666666666666,20
96,efficientnet_b0,aug_light,atopic_dermatitis,0.6428571428571429,0.9,0.75,20
96,efficientnet_b0,noaug,atopic_dermatitis,0.6538461538461539,0.85,0.7391304347826086,20
112,efficientnet_b0,aug_light,atopic_dermatitis,0.6666666666666666,0.7,0.6829268292682927,20
112,efficientnet_b0,noaug,atopic_dermatitis,0.7142857142857143,0.75,0.7317073170731707,20
128,efficientnet_b0,aug_light,atopic_dermatitis,0.64,0.8,0.7111111111111111,20
128,efficientnet_b0,noaug,atopic_dermatitis,0.6333333333333333,0.95,0.76,20
160,efficientnet_b0,aug_light,atopic_dermatitis,0.6666666666666666,0.9,0.7659574468085106,20
160,efficientnet_b0,noaug,atopic_dermatitis,0.6785714285714286,0.95,0.7916666666666666,20
192,efficientnet_b0,aug_light,atopic_dermatitis,0.68,0.85,0.7555555555555555,20
192,efficientnet_b0,noaug,atopic_dermatitis,0.7037037037037037,0.95,0.8085106382978723,20
224,efficientnet_b0,aug_light,atopic_dermatitis,0.6333333333333333,0.95,0.76,20
224,efficientnet_b0,noaug,atopic_dermatitis,0.75,0.9,0.8181818181818182,20
256,efficientnet_b0,aug_light,atopic_dermatitis,0.6896551724137931,1.0,0.8163265306122449,20
256,efficientnet_b0,noaug,atopic_dermatitis,0.7037037037037037,0.95,0.8085106382978723,20
299,efficientnet_b0,aug_light,atopic_dermatitis,0.7407407407407407,1.0,0.851063829787234,20
299,efficientnet_b0,noaug,atopic_dermatitis,0.7692307692307693,1.0,0.8695652173913043,20
80,inception_v3,aug_light,atopic_dermatitis,0.6129032258064516,0.95,0.7450980392156863,20
80,inception_v3,noaug,atopic_dermatitis,0.7407407407407407,1.0,0.851063829787234,20
96,inception_v3,aug_light,atopic_dermatitis,0.6206896551724138,0.9,0.7346938775510204,20
96,inception_v3,noaug,atopic_dermatitis,0.6071428571428571,0.85,0.7083333333333334,20
112,inception_v3,aug_light,atopic_dermatitis,0.6190476190476191,0.65,0.6341463414634146,20
112,inception_v3,noaug,atopic_dermatitis,0.6071428571428571,0.85,0.7083333333333334,20
128,inception_v3,aug_light,atopic_dermatitis,0.65,0.65,0.65,20
128,inception_v3,noaug,atopic_dermatitis,0.5925925925925926,0.8,0.6808510638297872,20
160,inception_v3,aug_light,atopic_dermatitis,0.6153846153846154,0.8,0.6956521739130435,20
160,inception_v3,noaug,atopic_dermatitis,0.7,0.7,0.7,20
192,inception_v3,aug_light,atopic_dermatitis,0.6551724137931034,0.95,0.7755102040816326,20
192,inception_v3,noaug,atopic_dermatitis,0.7037037037037037,0.95,0.8085106382978723,20
224,inception_v3,aug_light,atopic_dermatitis,0.7142857142857143,1.0,0.8333333333333334,20
224,inception_v3,noaug,atopic_dermatitis,0.6785714285714286,0.95,0.7916666666666666,20
256,inception_v3,aug_light,atopic_dermatitis,0.6538461538461539,0.85,0.7391304347826086,20
256,inception_v3,noaug,atopic_dermatitis,0.7307692307692307,0.95,0.8260869565217391,20
299,inception_v3,aug_light,atopic_dermatitis,0.72,0.9,0.8,20
299,inception_v3,noaug,atopic_dermatitis,0.75,0.9,0.8181818181818182,20
32,mobilenet_v2,aug_light,atopic_dermatitis,0.20430107526881722,0.95,0.336283185840708,20
32,mobilenet_v2,noaug,atopic_dermatitis,0.5357142857142857,0.75,0.625,20
40,mobilenet_v2,aug_light,atopic_dermatitis,0.5,0.7,0.5833333333333334,20
40,mobilenet_v2,noaug,atopic_dermatitis,0.5454545454545454,0.9,0.6792452830188679,20
48,mobilenet_v2,aug_light,atopic_dermatitis,0.5,0.75,0.6,20
48,mobilenet_v2,noaug,atopic_dermatitis,0.5,0.75,0.6,20
56,mobilenet_v2,aug_light,atopic_dermatitis,0.6785714285714286,0.95,0.7916666666666666,20
56,mobilenet_v2,noaug,atopic_dermatitis,0.6538461538461539,0.85,0.7391304347826086,20
64,mobilenet_v2,aug_light,atopic_dermatitis,0.68,0.85,0.7555555555555555,20
64,mobilenet_v2,noaug,atopic_dermatitis,0.6923076923076923,0.9,0.782608695652174,20
80,mobilenet_v2,aug_light,atopic_dermatitis,0.64,0.8,0.7111111111111111,20
80,mobilenet_v2,noaug,atopic_dermatitis,0.6666666666666666,0.8,0.7272727272727273,20
96,mobilenet_v2,aug_light,atopic_dermatitis,0.6428571428571429,0.9,0.75,20
96,mobilenet_v2,noaug,atopic_dermatitis,0.6129032258064516,0.95,0.7450980392156863,20
112,mobilenet_v2,aug_light,atopic_dermatitis,0.75,0.75,0.75,20
112,mobilenet_v2,noaug,atopic_dermatitis,0.5555555555555556,1.0,0.7142857142857143,20
128,mobilenet_v2,aug_light,atopic_dermatitis,0.6923076923076923,0.9,0.782608695652174,20
128,mobilenet_v2,noaug,atopic_dermatitis,0.7407407407407407,1.0,0.851063829787234,20
160,mobilenet_v2,aug_light,atopic_dermatitis,0.6129032258064516,0.95,0.7450980392156863,20
160,mobilenet_v2,noaug,atopic_dermatitis,0.76,0.95,0.8444444444444444,20
192,mobilenet_v2,aug_light,atopic_dermatitis,0.625,1.0,0.7692307692307693,20
192,mobilenet_v2,noaug,atopic_dermatitis,0.7692307692307693,1.0,0.8695652173913043,20
224,mobilenet_v2,aug_light,atopic_dermatitis,0.5769230769230769,0.75,0.6521739130434783,20
224,mobilenet_v2,noaug,atopic_dermatitis,0.782608695652174,0.9,0.8372093023255814,20
256,mobilenet_v2,aug_light,atopic_dermatitis,0.625,1.0,0.7692307692307693,20
256,mobilenet_v2,noaug,atopic_dermatitis,0.6896551724137931,1.0,0.8163265306122449,20
299,mobilenet_v2,aug_light,atopic_dermatitis,0.6923076923076923,0.9,0.782608695652174,20
299,mobilenet_v2,noaug,atopic_dermatitis,0.7727272727272727,0.85,0.8095238095238095,20
32,resnet50,aug_light,atopic_dermatitis,0.6956521739130435,0.8,0.7441860465116279,20
32,resnet50,noaug,atopic_dermatitis,0.6521739130434783,0.75,0.6976744186046512,20
40,resnet50,aug_light,atopic_dermatitis,0.6428571428571429,0.9,0.75,20
40,resnet50,noaug,atopic_dermatitis,0.6538461538461539,0.85,0.7391304347826086,20
48,resnet50,aug_light,atopic_dermatitis,0.7619047619047619,0.8,0.7804878048780488,20
48,resnet50,noaug,atopic_dermatitis,0.7307692307692307,0.95,0.8260869565217391,20
56,resnet50,aug_light,atopic_dermatitis,0.7727272727272727,0.85,0.8095238095238095,20
56,resnet50,noaug,atopic_dermatitis,0.6666666666666666,0.9,0.7659574468085106,20
64,resnet50,aug_light,atopic_dermatitis,0.7647058823529411,0.65,0.7027027027027027,20
64,resnet50,noaug,atopic_dermatitis,0.7272727272727273,0.8,0.7619047619047619,20
80,resnet50,aug_light,atopic_dermatitis,0.9285714285714286,0.65,0.7647058823529411,20
80,resnet50,noaug,atopic_dermatitis,0.7777777777777778,0.7,0.7368421052631579,20
96,resnet50,aug_light,atopic_dermatitis,0.7777777777777778,0.7,0.7368421052631579,20
96,resnet50,noaug,atopic_dermatitis,0.7619047619047619,0.8,0.7804878048780488,20
112,resnet50,aug_light,atopic_dermatitis,0.8095238095238095,0.85,0.8292682926829268,20
112,resnet50,noaug,atopic_dermatitis,0.72,0.9,0.8,20
128,resnet50,aug_light,atopic_dermatitis,0.6451612903225806,1.0,0.7843137254901961,20
128,resnet50,noaug,atopic_dermatitis,0.72,0.9,0.8,20
160,resnet50,aug_light,atopic_dermatitis,0.6666666666666666,1.0,0.8,20
160,resnet50,noaug,atopic_dermatitis,0.75,0.9,0.8181818181818182,20
192,resnet50,aug_light,atopic_dermatitis,0.782608695652174,0.9,0.8372093023255814,20
192,resnet50,noaug,atopic_dermatitis,0.76,0.95,0.8444444444444444,20
224,resnet50,aug_light,atopic_dermatitis,0.6551724137931034,0.95,0.7755102040816326,20
224,resnet50,noaug,atopic_dermatitis,0.7037037037037037,0.95,0.8085106382978723,20
256,resnet50,aug_light,atopic_dermatitis,0.7407407407407407,1.0,0.851063829787234,20
256,resnet50,noaug,atopic_dermatitis,0.76,0.95,0.8444444444444444,20
299,resnet50,aug_light,atopic_dermatitis,0.8333333333333334,0.75,0.7894736842105263,20
299,resnet50,noaug,atopic_dermatitis,0.782608695652174,0.9,0.8372093023255814,20
32,densenet121,aug_light,impetigo,0.95,0.95,0.95,20
32,densenet121,noaug,impetigo,0.9090909090909091,1.0,0.9523809523809523,20
40,densenet121,aug_light,impetigo,0.95,0.95,0.95,20
40,densenet121,noaug,impetigo,0.9090909090909091,1.0,0.9523809523809523,20
48,densenet121,aug_light,impetigo,0.9090909090909091,1.0,0.9523809523809523,20
48,densenet121,noaug,impetigo,0.9090909090909091,1.0,0.9523809523809523,20
56,densenet121,aug_light,impetigo,0.9090909090909091,1.0,0.9523809523809523,20
56,densenet121,noaug,impetigo,0.8695652173913043,1.0,0.9302325581395349,20
64,densenet121,aug_light,impetigo,0.9090909090909091,1.0,0.9523809523809523,20
64,densenet121,noaug,impetigo,0.8333333333333334,1.0,0.9090909090909091,20
80,densenet121,aug_light,impetigo,1.0,1.0,1.0,20
80,densenet121,noaug,impetigo,0.9090909090909091,1.0,0.9523809523809523,20
96,densenet121,aug_light,impetigo,1.0,1.0,1.0,20
96,densenet121,noaug,impetigo,0.9090909090909091,1.0,0.9523809523809523,20
112,densenet121,aug_light,impetigo,1.0,1.0,1.0,20
112,densenet121,noaug,impetigo,0.9523809523809523,1.0,0.975609756097561,20
128,densenet121,aug_light,impetigo,1.0,1.0,1.0,20
128,densenet121,noaug,impetigo,0.9090909090909091,1.0,0.9523809523809523,20
160,densenet121,aug_light,impetigo,1.0,1.0,1.0,20
160,densenet121,noaug,impetigo,0.9090909090909091,1.0,0.9523809523809523,20
192,densenet121,aug_light,impetigo,1.0,1.0,1.0,20
192,densenet121,noaug,impetigo,1.0,1.0,1.0,20
224,densenet121,aug_light,impetigo,1.0,1.0,1.0,20
224,densenet121,noaug,impetigo,0.9523809523809523,1.0,0.975609756097561,20
256,densenet121,aug_light,impetigo,1.0,1.0,1.0,20
256,densenet121,noaug,impetigo,1.0,1.0,1.0,20
299,densenet121,aug_light,impetigo,1.0,1.0,1.0,20
299,densenet121,noaug,impetigo,1.0,1.0,1.0,20
32,efficientnet_b0,aug_light,impetigo,1.0,1.0,1.0,20
32,efficientnet_b0,noaug,impetigo,0.9090909090909091,1.0,0.9523809523809523,20
40,efficientnet_b0,aug_light,impetigo,0.9523809523809523,1.0,0.975609756097561,20
40,efficientnet_b0,noaug,impetigo,0.8,1.0,0.8888888888888888,20
48,efficientnet_b0,aug_light,impetigo,0.9090909090909091,1.0,0.9523809523809523,20
48,efficientnet_b0,noaug,impetigo,0.9523809523809523,1.0,0.975609756097561,20
56,efficientnet_b0,aug_light,impetigo,0.9523809523809523,1.0,0.975609756097561,20
56,efficientnet_b0,noaug,impetigo,0.9523809523809523,1.0,0.975609756097561,20
64,efficientnet_b0,aug_light,impetigo,0.9523809523809523,1.0,0.975609756097561,20
64,efficientnet_b0,noaug,impetigo,0.8695652173913043,1.0,0.9302325581395349,20
80,efficientnet_b0,aug_light,impetigo,1.0,1.0,1.0,20
80,efficientnet_b0,noaug,impetigo,0.9523809523809523,1.0,0.975609756097561,20
96,efficientnet_b0,aug_light,impetigo,1.0,1.0,1.0,20
96,efficientnet_b0,noaug,impetigo,1.0,1.0,1.0,20
112,efficientnet_b0,aug_light,impetigo,1.0,1.0,1.0,20
112,efficientnet_b0,noaug,impetigo,1.0,1.0,1.0,20
128,efficientnet_b0,aug_light,impetigo,1.0,1.0,1.0,20
128,efficientnet_b0,noaug,impetigo,1.0,1.0,1.0,20
160,efficientnet_b0,aug_light,impetigo,1.0,1.0,1.0,20
160,efficientnet_b0,noaug,impetigo,1.0,1.0,1.0,20
192,efficientnet_b0,aug_light,impetigo,1.0,1.0,1.0,20
192,efficientnet_b0,noaug,impetigo,1.0,1.0,1.0,20
224,efficientnet_b0,aug_light,impetigo,1.0,1.0,1.0,20
224,efficientnet_b0,noaug,impetigo,0.9523809523809523,1.0,0.975609756097561,20
256,efficientnet_b0,aug_light,impetigo,1.0,1.0,1.0,20
256,efficientnet_b0,noaug,impetigo,0.9523809523809523,1.0,0.975609756097561,20
299,efficientnet_b0,aug_light,impetigo,1.0,1.0,1.0,20
299,efficientnet_b0,noaug,impetigo,1.0,1.0,1.0,20
80,inception_v3,aug_light,impetigo,1.0,1.0,1.0,20
80,inception_v3,noaug,impetigo,0.8333333333333334,1.0,0.9090909090909091,20
96,inception_v3,aug_light,impetigo,0.9090909090909091,1.0,0.9523809523809523,20
96,inception_v3,noaug,impetigo,0.9090909090909091,1.0,0.9523809523809523,20
112,inception_v3,aug_light,impetigo,0.9090909090909091,1.0,0.9523809523809523,20
112,inception_v3,noaug,impetigo,0.9090909090909091,1.0,0.9523809523809523,20
128,inception_v3,aug_light,impetigo,1.0,1.0,1.0,20
128,inception_v3,noaug,impetigo,0.9523809523809523,1.0,0.975609756097561,20
160,inception_v3,aug_light,impetigo,1.0,1.0,1.0,20
160,inception_v3,noaug,impetigo,0.9090909090909091,1.0,0.9523809523809523,20
192,inception_v3,aug_light,impetigo,1.0,1.0,1.0,20
192,inception_v3,noaug,impetigo,1.0,1.0,1.0,20
224,inception_v3,aug_light,impetigo,1.0,1.0,1.0,20
224,inception_v3,noaug,impetigo,0.9523809523809523,1.0,0.975609756097561,20
256,inception_v3,aug_light,impetigo,1.0,1.0,1.0,20
256,inception_v3,noaug,impetigo,1.0,1.0,1.0,20
299,inception_v3,aug_light,impetigo,0.9523809523809523,1.0,0.975609756097561,20
299,inception_v3,noaug,impetigo,0.9523809523809523,1.0,0.975609756097561,20
32,mobilenet_v2,aug_light,impetigo,0.2,0.05,0.08,20
32,mobilenet_v2,noaug,impetigo,0.8695652173913043,1.0,0.9302325581395349,20
40,mobilenet_v2,aug_light,impetigo,0.8636363636363636,0.95,0.9047619047619048,20
40,mobilenet_v2,noaug,impetigo,0.8695652173913043,1.0,0.9302325581395349,20
48,mobilenet_v2,aug_light,impetigo,0.9,0.9,0.9,20
48,mobilenet_v2,noaug,impetigo,0.9090909090909091,1.0,0.9523809523809523,20
56,mobilenet_v2,aug_light,impetigo,0.7916666666666666,0.95,0.8636363636363636,20
56,mobilenet_v2,noaug,impetigo,0.7692307692307693,1.0,0.8695652173913043,20
64,mobilenet_v2,aug_light,impetigo,0.8695652173913043,1.0,0.9302325581395349,20
64,mobilenet_v2,noaug,impetigo,0.8695652173913043,1.0,0.9302325581395349,20
80,mobilenet_v2,aug_light,impetigo,1.0,1.0,1.0,20
80,mobilenet_v2,noaug,impetigo,0.9523809523809523,1.0,0.975609756097561,20
96,mobilenet_v2,aug_light,impetigo,1.0,1.0,1.0,20
96,mobilenet_v2,noaug,impetigo,1.0,1.0,1.0,20
112,mobilenet_v2,aug_light,impetigo,0.8695652173913043,1.0,0.9302325581395349,20
112,mobilenet_v2,noaug,impetigo,0.9090909090909091,1.0,0.9523809523809523,20
128,mobilenet_v2,aug_light,impetigo,1.0,0.9,0.9473684210526315,20
128,mobilenet_v2,noaug,impetigo,0.9090909090909091,1.0,0.9523809523809523,20
160,mobilenet_v2,aug_light,impetigo,1.0,1.0,1.0,20
160,mobilenet_v2,noaug,impetigo,0.9523809523809523,1.0,0.975609756097561,20
192,mobilenet_v2,aug_light,impetigo,1.0,1.0,1.0,20
192,mobilenet_v2,noaug,impetigo,1.0,1.0,1.0,20
224,mobilenet_v2,aug_light,impetigo,1.0,1.0,1.0,20
224,mobilenet_v2,noaug,impetigo,0.8695652173913043,1.0,0.9302325581395349,20
256,mobilenet_v2,aug_light,impetigo,1.0,1.0,1.0,20
256,mobilenet_v2,noaug,impetigo,0.9090909090909091,1.0,0.9523809523809523,20
299,mobilenet_v2,aug_light,impetigo,0.9523809523809523,1.0,0.975609756097561,20
299,mobilenet_v2,noaug,impetigo,1.0,1.0,1.0,20
32,resnet50,aug_light,impetigo,0.9090909090909091,1.0,0.9523809523809523,20
32,resnet50,noaug,impetigo,0.9090909090909091,1.0,0.9523809523809523,20
40,resnet50,aug_light,impetigo,0.8695652173913043,1.0,0.9302325581395349,20
40,resnet50,noaug,impetigo,0.9523809523809523,1.0,0.975609756097561,20
48,resnet50,aug_light,impetigo,0.9090909090909091,1.0,0.9523809523809523,20
48,resnet50,noaug,impetigo,0.9090909090909091,1.0,0.9523809523809523,20
56,resnet50,aug_light,impetigo,1.0,1.0,1.0,20
56,resnet50,noaug,impetigo,0.9090909090909091,1.0,0.9523809523809523,20
64,resnet50,aug_light,impetigo,1.0,1.0,1.0,20
64,resnet50,noaug,impetigo,0.8695652173913043,1.0,0.9302325581395349,20
80,resnet50,aug_light,impetigo,1.0,1.0,1.0,20
80,resnet50,noaug,impetigo,0.9090909090909091,1.0,0.9523809523809523,20
96,resnet50,aug_light,impetigo,1.0,1.0,1.0,20
96,resnet50,noaug,impetigo,0.8333333333333334,1.0,0.9090909090909091,20
112,resnet50,aug_light,impetigo,0.9523809523809523,1.0,0.975609756097561,20
112,resnet50,noaug,impetigo,0.9090909090909091,1.0,0.9523809523809523,20
128,resnet50,aug_light,impetigo,1.0,1.0,1.0,20
128,resnet50,noaug,impetigo,1.0,1.0,1.0,20
160,resnet50,aug_light,impetigo,1.0,1.0,1.0,20
160,resnet50,noaug,impetigo,1.0,1.0,1.0,20
192,resnet50,aug_light,impetigo,1.0,1.0,1.0,20
192,resnet50,noaug,impetigo,0.9523809523809523,1.0,0.975609756097561,20
224,resnet50,aug_light,impetigo,1.0,1.0,1.0,20
224,resnet50,noaug,impetigo,1.0,1.0,1.0,20
256,resnet50,aug_light,impetigo,1.0,0.95,0.9743589743589743,20
256,resnet50,noaug,impetigo,1.0,1.0,1.0,20
299,resnet50,aug_light,impetigo,1.0,1.0,1.0,20
299,resnet50,noaug,impetigo,1.0,1.0,1.0,20
32,densenet121,aug_light,prickly_heat,0.8695652173913043,1.0,0.9302325581395349,20
32,densenet121,noaug,prickly_heat,0.9523809523809523,1.0,0.975609756097561,20
40,densenet121,aug_light,prickly_heat,0.9090909090909091,1.0,0.9523809523809523,20
40,densenet121,noaug,prickly_heat,1.0,1.0,1.0,20
48,densenet121,aug_light,prickly_heat,1.0,0.9,0.9473684210526315,20
48,densenet121,noaug,prickly_heat,1.0,1.0,1.0,20
56,densenet121,aug_light,prickly_heat,0.9090909090909091,1.0,0.9523809523809523,20
56,densenet121,noaug,prickly_heat,1.0,1.0,1.0,20
64,densenet121,aug_light,prickly_heat,1.0,0.9,0.9473684210526315,20
64,densenet121,noaug,prickly_heat,1.0,1.0,1.0,20
80,densenet121,aug_light,prickly_heat,0.9090909090909091,1.0,0.9523809523809523,20
80,densenet121,noaug,prickly_heat,0.9523809523809523,1.0,0.975609756097561,20
96,densenet121,aug_light,prickly_heat,0.9090909090909091,1.0,0.9523809523809523,20
96,densenet121,noaug,prickly_heat,0.9090909090909091,1.0,0.9523809523809523,20
112,densenet121,aug_light,prickly_heat,0.9047619047619048,0.95,0.926829268292683,20
112,densenet121,noaug,prickly_heat,0.9090909090909091,1.0,0.9523809523809523,20
128,densenet121,aug_light,prickly_heat,0.9090909090909091,1.0,0.9523809523809523,20
128,densenet121,noaug,prickly_heat,0.9523809523809523,1.0,0.975609756097561,20
160,densenet121,aug_light,prickly_heat,0.9090909090909091,1.0,0.9523809523809523,20
160,densenet121,noaug,prickly_heat,0.9523809523809523,1.0,0.975609756097561,20
192,densenet121,aug_light,prickly_heat,1.0,1.0,1.0,20
192,densenet121,noaug,prickly_heat,0.9523809523809523,1.0,0.975609756097561,20
224,densenet121,aug_light,prickly_heat,1.0,0.9,0.9473684210526315,20
224,densenet121,noaug,prickly_heat,0.9090909090909091,1.0,0.9523809523809523,20
256,densenet121,aug_light,prickly_heat,1.0,1.0,1.0,20
256,densenet121,noaug,prickly_heat,0.9523809523809523,1.0,0.975609756097561,20
299,densenet121,aug_light,prickly_heat,0.9523809523809523,1.0,0.975609756097561,20
299,densenet121,noaug,prickly_heat,0.9523809523809523,1.0,0.975609756097561,20
32,efficientnet_b0,aug_light,prickly_heat,0.8095238095238095,0.85,0.8292682926829268,20
32,efficientnet_b0,noaug,prickly_heat,0.9,0.9,0.9,20
40,efficientnet_b0,aug_light,prickly_heat,0.8888888888888888,0.8,0.8421052631578947,20
40,efficientnet_b0,noaug,prickly_heat,0.9523809523809523,1.0,0.975609756097561,20
48,efficientnet_b0,aug_light,prickly_heat,0.9090909090909091,1.0,0.9523809523809523,20
48,efficientnet_b0,noaug,prickly_heat,1.0,1.0,1.0,20
56,efficientnet_b0,aug_light,prickly_heat,0.9090909090909091,1.0,0.9523809523809523,20
56,efficientnet_b0,noaug,prickly_heat,0.9523809523809523,1.0,0.975609756097561,20
64,efficientnet_b0,aug_light,prickly_heat,0.9090909090909091,1.0,0.9523809523809523,20
64,efficientnet_b0,noaug,prickly_heat,0.9523809523809523,1.0,0.975609756097561,20
80,efficientnet_b0,aug_light,prickly_heat,0.8695652173913043,1.0,0.9302325581395349,20
80,efficientnet_b0,noaug,prickly_heat,0.9523809523809523,1.0,0.975609756097561,20
96,efficientnet_b0,aug_light,prickly_heat,0.9523809523809523,1.0,0.975609756097561,20
96,efficientnet_b0,noaug,prickly_heat,0.9090909090909091,1.0,0.9523809523809523,20
112,efficientnet_b0,aug_light,prickly_heat,0.9090909090909091,1.0,0.9523809523809523,20
112,efficientnet_b0,noaug,prickly_heat,0.8695652173913043,1.0,0.9302325581395349,20
128,efficientnet_b0,aug_light,prickly_heat,0.9523809523809523,1.0,0.975609756097561,20
128,efficientnet_b0,noaug,prickly_heat,0.8695652173913043,1.0,0.9302325581395349,20
160,efficientnet_b0,aug_light,prickly_heat,0.9523809523809523,1.0,0.975609756097561,20
160,efficientnet_b0,noaug,prickly_heat,0.9523809523809523,1.0,0.975609756097561,20
192,efficientnet_b0,aug_light,prickly_heat,0.9523809523809523,1.0,0.975609756097561,20
192,efficientnet_b0,noaug,prickly_heat,1.0,1.0,1.0,20
224,efficientnet_b0,aug_light,prickly_heat,1.0,0.9,0.9473684210526315,20
224,efficientnet_b0,noaug,prickly_heat,0.9523809523809523,1.0,0.975609756097561,20
256,efficientnet_b0,aug_light,prickly_heat,1.0,1.0,1.0,20
256,efficientnet_b0,noaug,prickly_heat,0.9523809523809523,1.0,0.975609756097561,20
299,efficientnet_b0,aug_light,prickly_heat,1.0,1.0,1.0,20
299,efficientnet_b0,noaug,prickly_heat,1.0,1.0,1.0,20
80,inception_v3,aug_light,prickly_heat,1.0,0.9,0.9473684210526315,20
80,inception_v3,noaug,prickly_heat,0.9523809523809523,1.0,0.975609756097561,20
96,inception_v3,aug_light,prickly_heat,0.9473684210526315,0.9,0.9230769230769231,20
96,inception_v3,noaug,prickly_heat,1.0,1.0,1.0,20
112,inception_v3,aug_light,prickly_heat,0.9523809523809523,1.0,0.975609756097561,20
112,inception_v3,noaug,prickly_heat,0.9523809523809523,1.0,0.975609756097561,20
128,inception_v3,aug_light,prickly_heat,1.0,1.0,1.0,20
128,inception_v3,noaug,prickly_heat,1.0,1.0,1.0,20
160,inception_v3,aug_light,prickly_heat,1.0,1.0,1.0,20
160,inception_v3,noaug,prickly_heat,0.9523809523809523,1.0,0.975609756097561,20
192,inception_v3,aug_light,prickly_heat,1.0,1.0,1.0,20
192,inception_v3,noaug,prickly_heat,1.0,1.0,1.0,20
224,inception_v3,aug_light,prickly_heat,1.0,1.0,1.0,20
224,inception_v3,noaug,prickly_heat,1.0,1.0,1.0,20
256,inception_v3,aug_light,prickly_heat,1.0,1.0,1.0,20
256,inception_v3,noaug,prickly_heat,1.0,1.0,1.0,20
299,inception_v3,aug_light,prickly_heat,0.9523809523809523,1.0,0.975609756097561,20
299,inception_v3,noaug,prickly_heat,1.0,1.0,1.0,20
32,mobilenet_v2,aug_light,prickly_heat,0.75,0.3,0.42857142857142855,20
32,mobilenet_v2,noaug,prickly_heat,1.0,0.8,0.8888888888888888,20
40,mobilenet_v2,aug_light,prickly_heat,0.75,0.75,0.75,20
40,mobilenet_v2,noaug,prickly_heat,0.9090909090909091,1.0,0.9523809523809523,20
48,mobilenet_v2,aug_light,prickly_heat,0.8333333333333334,0.75,0.7894736842105263,20
48,mobilenet_v2,noaug,prickly_heat,0.9090909090909091,1.0,0.9523809523809523,20
56,mobilenet_v2,aug_light,prickly_heat,0.8947368421052632,0.85,0.8717948717948718,20
56,mobilenet_v2,noaug,prickly_heat,0.9523809523809523,1.0,0.975609756097561,20
64,mobilenet_v2,aug_light,prickly_heat,0.85,0.85,0.85,20
64,mobilenet_v2,noaug,prickly_heat,0.9090909090909091,1.0,0.9523809523809523,20
80,mobilenet_v2,aug_light,prickly_heat,0.7692307692307693,1.0,0.8695652173913043,20
80,mobilenet_v2,noaug,prickly_heat,0.9523809523809523,1.0,0.975609756097561,20
96,mobilenet_v2,aug_light,prickly_heat,1.0,0.85,0.918918918918919,20
96,mobilenet_v2,noaug,prickly_heat,0.9523809523809523,1.0,0.975609756097561,20
112,mobilenet_v2,aug_light,prickly_heat,0.8181818181818182,0.9,0.8571428571428571,20
112,mobilenet_v2,noaug,prickly_heat,0.9090909090909091,1.0,0.9523809523809523,20
128,mobilenet_v2,aug_light,prickly_heat,0.95,0.95,0.95,20
128,mobilenet_v2,noaug,prickly_heat,1.0,1.0,1.0,20
160,mobilenet_v2,aug_light,prickly_heat,0.9523809523809523,1.0,0.975609756097561,20
160,mobilenet_v2,noaug,prickly_heat,1.0,1.0,1.0,20
192,mobilenet_v2,aug_light,prickly_heat,0.9523809523809523,1.0,0.975609756097561,20
192,mobilenet_v2,noaug,prickly_heat,1.0,1.0,1.0,20
224,mobilenet_v2,aug_light,prickly_heat,0.9473684210526315,0.9,0.9230769230769231,20
224,mobilenet_v2,noaug,prickly_heat,0.9523809523809523,1.0,0.975609756097561,20
256,mobilenet_v2,aug_light,prickly_heat,0.9473684210526315,0.9,0.9230769230769231,20
256,mobilenet_v2,noaug,prickly_heat,0.9523809523809523,1.0,0.975609756097561,20
299,mobilenet_v2,aug_light,prickly_heat,0.9444444444444444,0.85,0.8947368421052632,20
299,mobilenet_v2,noaug,prickly_heat,0.9523809523809523,1.0,0.975609756097561,20
32,resnet50,aug_light,prickly_heat,0.8695652173913043,1.0,0.9302325581395349,20
32,resnet50,noaug,prickly_heat,0.8695652173913043,1.0,0.9302325581395349,20
40,resnet50,aug_light,prickly_heat,0.8,1.0,0.8888888888888888,20
40,resnet50,noaug,prickly_heat,0.9090909090909091,1.0,0.9523809523809523,20
48,resnet50,aug_light,prickly_heat,0.9523809523809523,1.0,0.975609756097561,20
48,resnet50,noaug,prickly_heat,0.9523809523809523,1.0,0.975609756097561,20
56,resnet50,aug_light,prickly_heat,0.9523809523809523,1.0,0.975609756097561,20
56,resnet50,noaug,prickly_heat,0.9523809523809523,1.0,0.975609756097561,20
64,resnet50,aug_light,prickly_heat,1.0,1.0,1.0,20
64,resnet50,noaug,prickly_heat,0.9090909090909091,1.0,0.9523809523809523,20
80,resnet50,aug_light,prickly_heat,0.9523809523809523,1.0,0.975609756097561,20
80,resnet50,noaug,prickly_heat,0.9523809523809523,1.0,0.975609756097561,20
96,resnet50,aug_light,prickly_heat,1.0,1.0,1.0,20
96,resnet50,noaug,prickly_heat,0.9523809523809523,1.0,0.975609756097561,20
112,resnet50,aug_light,prickly_heat,0.9523809523809523,1.0,0.975609756097561,20
112,resnet50,noaug,prickly_heat,1.0,1.0,1.0,20
128,resnet50,aug_light,prickly_heat,0.9090909090909091,1.0,0.9523809523809523,20
128,resnet50,noaug,prickly_heat,0.9523809523809523,1.0,0.975609756097561,20
160,resnet50,aug_light,prickly_heat,0.9523809523809523,1.0,0.975609756097561,20
160,resnet50,noaug,prickly_heat,1.0,1.0,1.0,20
192,resnet50,aug_light,prickly_heat,0.9523809523809523,1.0,0.975609756097561,20
192,resnet50,noaug,prickly_heat,1.0,1.0,1.0,20
224,resnet50,aug_light,prickly_heat,1.0,1.0,1.0,20
224,resnet50,noaug,prickly_heat,1.0,1.0,1.0,20
256,resnet50,aug_light,prickly_heat,1.0,1.0,1.0,20
256,resnet50,noaug,prickly_heat,1.0,1.0,1.0,20
299,resnet50,aug_light,prickly_heat,1.0,1.0,1.0,20
299,resnet50,noaug,prickly_heat,0.9523809523809523,1.0,0.975609756097561,20
32,densenet121,aug_light,sarcoptes_scabiei,0.6153846153846154,0.4,0.48484848484848486,20
32,densenet121,noaug,sarcoptes_scabiei,0.6,0.6,0.6,20
40,densenet121,aug_light,sarcoptes_scabiei,0.7,0.35,0.4666666666666667,20
40,densenet121,noaug,sarcoptes_scabiei,0.7142857142857143,0.5,0.5882352941176471,20
48,densenet121,aug_light,sarcoptes_scabiei,0.6666666666666666,0.4,0.5,20
48,densenet121,noaug,sarcoptes_scabiei,0.8888888888888888,0.4,0.5517241379310345,20
56,densenet121,aug_light,sarcoptes_scabiei,0.9,0.45,0.6,20
56,densenet121,noaug,sarcoptes_scabiei,0.8125,0.65,0.7222222222222222,20
64,densenet121,aug_light,sarcoptes_scabiei,0.7272727272727273,0.4,0.5161290322580645,20
64,densenet121,noaug,sarcoptes_scabiei,0.7857142857142857,0.55,0.6470588235294118,20
80,densenet121,aug_light,sarcoptes_scabiei,1.0,0.6,0.75,20
80,densenet121,noaug,sarcoptes_scabiei,0.8666666666666667,0.65,0.7428571428571429,20
96,densenet121,aug_light,sarcoptes_scabiei,1.0,0.7,0.8235294117647058,20
96,densenet121,noaug,sarcoptes_scabiei,1.0,0.75,0.8571428571428571,20
112,densenet121,aug_light,sarcoptes_scabiei,1.0,0.45,0.6206896551724138,20
112,densenet121,noaug,sarcoptes_scabiei,1.0,0.65,0.7878787878787878,20
128,densenet121,aug_light,sarcoptes_scabiei,0.8125,0.65,0.7222222222222222,20
128,densenet121,noaug,sarcoptes_scabiei,1.0,0.65,0.7878787878787878,20
160,densenet121,aug_light,sarcoptes_scabiei,1.0,0.6,0.75,20
160,densenet121,noaug,sarcoptes_scabiei,0.9473684210526315,0.9,0.9230769230769231,20
192,densenet121,aug_light,sarcoptes_scabiei,1.0,0.8,0.8888888888888888,20
192,densenet121,noaug,sarcoptes_scabiei,0.9444444444444444,0.85,0.8947368421052632,20
224,densenet121,aug_light,sarcoptes_scabiei,1.0,0.75,0.8571428571428571,20
224,densenet121,noaug,sarcoptes_scabiei,1.0,0.85,0.918918918918919,20
256,densenet121,aug_light,sarcoptes_scabiei,1.0,0.55,0.7096774193548387,20
256,densenet121,noaug,sarcoptes_scabiei,0.9285714285714286,0.65,0.7647058823529411,20
299,densenet121,aug_light,sarcoptes_scabiei,0.8947368421052632,0.85,0.8717948717948718,20
299,densenet121,noaug,sarcoptes_scabiei,0.9473684210526315,0.9,0.9230769230769231,20
32,efficientnet_b0,aug_light,sarcoptes_scabiei,0.6153846153846154,0.4,0.48484848484848486,20
32,efficientnet_b0,noaug,sarcoptes_scabiei,0.44,0.55,0.4888888888888889,20
40,efficientnet_b0,aug_light,sarcoptes_scabiei,0.6111111111111112,0.55,0.5789473684210527,20
40,efficientnet_b0,noaug,sarcoptes_scabiei,0.6111111111111112,0.55,0.5789473684210527,20
48,efficientnet_b0,aug_light,sarcoptes_scabiei,0.6666666666666666,0.7,0.6829268292682927,20
48,efficientnet_b0,noaug,sarcoptes_scabiei,0.6,0.6,0.6,20
56,efficientnet_b0,aug_light,sarcoptes_scabiei,0.625,0.5,0.5555555555555556,20
56,efficientnet_b0,noaug,sarcoptes_scabiei,0.7647058823529411,0.65,0.7027027027027027,20
64,efficientnet_b0,aug_light,sarcoptes_scabiei,0.7857142857142857,0.55,0.6470588235294118,20
64,efficientnet_b0,noaug,sarcoptes_scabiei,0.8333333333333334,0.5,0.625,20
80,efficientnet_b0,aug_light,sarcoptes_scabiei,0.875,0.7,0.7777777777777778,20
80,efficientnet_b0,noaug,sarcoptes_scabiei,0.8666666666666667,0.65,0.7428571428571429,20
96,efficientnet_b0,aug_light,sarcoptes_scabiei,0.8,0.6,0.6857142857142857,20
96,efficientnet_b0,noaug,sarcoptes_scabiei,0.6842105263157895,0.65,0.6666666666666666,20
112,efficientnet_b0,aug_light,sarcoptes_scabiei,0.8823529411764706,0.75,0.8108108108108109,20
112,efficientnet_b0,noaug,sarcoptes_scabiei,0.8095238095238095,0.85,0.8292682926829268,20
128,efficientnet_b0,aug_light,sarcoptes_scabiei,0.9375,0.75,0.8333333333333334,20
128,efficientnet_b0,noaug,sarcoptes_scabiei,0.8235294117647058,0.7,0.7567567567567568,20
160,efficientnet_b0,aug_light,sarcoptes_scabiei,1.0,0.65,0.7878787878787878,20
160,efficientnet_b0,noaug,sarcoptes_scabiei,1.0,0.55,0.7096774193548387,20
192,efficientnet_b0,aug_light,sarcoptes_scabiei,0.9375,0.75,0.8333333333333334,20
192,efficientnet_b0,noaug,sarcoptes_scabiei,0.9473684210526315,0.9,0.9230769230769231,20
224,efficientnet_b0,aug_light,sarcoptes_scabiei,0.9375,0.75,0.8333333333333334,20
224,efficientnet_b0,noaug,sarcoptes_scabiei,0.9333333333333333,0.7,0.8,20
256,efficientnet_b0,aug_light,sarcoptes_scabiei,0.9411764705882353,0.8,0.8648648648648649,20
256,efficientnet_b0,noaug,sarcoptes_scabiei,1.0,0.75,0.8571428571428571,20
299,efficientnet_b0,aug_light,sarcoptes_scabiei,0.9444444444444444,0.85,0.8947368421052632,20
299,efficientnet_b0,noaug,sarcoptes_scabiei,0.9047619047619048,0.95,0.926829268292683,20
80,inception_v3,aug_light,sarcoptes_scabiei,0.47058823529411764,0.4,0.43243243243243246,20
80,inception_v3,noaug,sarcoptes_scabiei,0.5454545454545454,0.3,0.3870967741935484,20
96,inception_v3,aug_light,sarcoptes_scabiei,0.8888888888888888,0.4,0.5517241379310345,20
96,inception_v3,noaug,sarcoptes_scabiei,0.7692307692307693,0.5,0.6060606060606061,20
112,inception_v3,aug_light,sarcoptes_scabiei,0.8,0.4,0.5333333333333333,20
112,inception_v3,noaug,sarcoptes_scabiei,0.7333333333333333,0.55,0.6285714285714286,20
128,inception_v3,aug_light,sarcoptes_scabiei,0.6363636363636364,0.35,0.45161290322580644,20
128,inception_v3,noaug,sarcoptes_scabiei,0.7692307692307693,0.5,0.6060606060606061,20
160,inception_v3,aug_light,sarcoptes_scabiei,0.875,0.7,0.7777777777777778,20
160,inception_v3,noaug,sarcoptes_scabiei,0.8823529411764706,0.75,0.8108108108108109,20
192,inception_v3,aug_light,sarcoptes_scabiei,0.9333333333333333,0.7,0.8,20
192,inception_v3,noaug,sarcoptes_scabiei,0.8,0.8,0.8,20
224,inception_v3,aug_light,sarcoptes_scabiei,0.9473684210526315,0.9,0.9230769230769231,20
224,inception_v3,noaug,sarcoptes_scabiei,0.8947368421052632,0.85,0.8717948717948718,20
256,inception_v3,aug_light,sarcoptes_scabiei,0.8181818181818182,0.9,0.8571428571428571,20
256,inception_v3,noaug,sarcoptes_scabiei,0.95,0.95,0.95,20
299,inception_v3,aug_light,sarcoptes_scabiei,1.0,0.8,0.8888888888888888,20
299,inception_v3,noaug,sarcoptes_scabiei,0.8571428571428571,0.9,0.8780487804878049,20
32,mobilenet_v2,aug_light,sarcoptes_scabiei,0.0,0.0,,20
32,mobilenet_v2,noaug,sarcoptes_scabiei,0.8125,0.65,0.7222222222222222,20
40,mobilenet_v2,aug_light,sarcoptes_scabiei,0.5294117647058824,0.45,0.4864864864864865,20
40,mobilenet_v2,noaug,sarcoptes_scabiei,0.7333333333333333,0.55,0.6285714285714286,20
48,mobilenet_v2,aug_light,sarcoptes_scabiei,0.5555555555555556,0.25,0.3448275862068966,20
48,mobilenet_v2,noaug,sarcoptes_scabiei,0.5833333333333334,0.35,0.4375,20
56,mobilenet_v2,aug_light,sarcoptes_scabiei,0.5263157894736842,0.5,0.5128205128205128,20
56,mobilenet_v2,noaug,sarcoptes_scabiei,0.5263157894736842,0.5,0.5128205128205128,20
64,mobilenet_v2,aug_light,sarcoptes_scabiei,0.4166666666666667,0.25,0.3125,20
64,mobilenet_v2,noaug,sarcoptes_scabiei,0.75,0.3,0.42857142857142855,20
80,mobilenet_v2,aug_light,sarcoptes_scabiei,0.7857142857142857,0.55,0.6470588235294118,20
80,mobilenet_v2,noaug,sarcoptes_scabiei,0.7777777777777778,0.7,0.7368421052631579,20
96,mobilenet_v2,aug_light,sarcoptes_scabiei,0.6470588235294118,0.55,0.5945945945945946,20
96,mobilenet_v2,noaug,sarcoptes_scabiei,0.6666666666666666,0.8,0.7272727272727273,20
112,mobilenet_v2,aug_light,sarcoptes_scabiei,0.55,0.55,0.55,20
112,mobilenet_v2,noaug,sarcoptes_scabiei,0.9166666666666666,0.55,0.6875,20
128,mobilenet_v2,aug_light,sarcoptes_scabiei,0.7272727272727273,0.4,0.5161290322580645,20
128,mobilenet_v2,noaug,sarcoptes_scabiei,0.7619047619047619,0.8,0.7804878048780488,20
160,mobilenet_v2,aug_light,sarcoptes_scabiei,0.9333333333333333,0.7,0.8,20
160,mobilenet_v2,noaug,sarcoptes_scabiei,0.9,0.9,0.9,20
192,mobilenet_v2,aug_light,sarcoptes_scabiei,0.9090909090909091,0.5,0.6451612903225806,20
192,mobilenet_v2,noaug,sarcoptes_scabiei,0.9411764705882353,0.8,0.8648648648648649,20
224,mobilenet_v2,aug_light,sarcoptes_scabiei,0.8,0.6,0.6857142857142857,20
224,mobilenet_v2,noaug,sarcoptes_scabiei,0.9473684210526315,0.9,0.9230769230769231,20
256,mobilenet_v2,aug_light,sarcoptes_scabiei,0.8,0.6,0.6857142857142857,20
256,mobilenet_v2,noaug,sarcoptes_scabiei,0.9473684210526315,0.9,0.9230769230769231,20
299,mobilenet_v2,aug_light,sarcoptes_scabiei,0.8333333333333334,0.5,0.625,20
299,mobilenet_v2,noaug,sarcoptes_scabiei,0.8947368421052632,0.85,0.8717948717948718,20
32,resnet50,aug_light,sarcoptes_scabiei,0.7222222222222222,0.65,0.6842105263157895,20
32,resnet50,noaug,sarcoptes_scabiei,0.6666666666666666,0.3,0.41379310344827586,20
40,resnet50,aug_light,sarcoptes_scabiei,0.7857142857142857,0.55,0.6470588235294118,20
40,resnet50,noaug,sarcoptes_scabiei,0.8666666666666667,0.65,0.7428571428571429,20
48,resnet50,aug_light,sarcoptes_scabiei,0.7894736842105263,0.75,0.7692307692307693,20
48,resnet50,noaug,sarcoptes_scabiei,0.6666666666666666,0.9,0.7659574468085106,20
56,resnet50,aug_light,sarcoptes_scabiei,0.76,0.95,0.8444444444444444,20
56,resnet50,noaug,sarcoptes_scabiei,0.8095238095238095,0.85,0.8292682926829268,20
64,resnet50,aug_light,sarcoptes_scabiei,0.85,0.85,0.85,20
64,resnet50,noaug,sarcoptes_scabiei,0.8823529411764706,0.75,0.8108108108108109,20
80,resnet50,aug_light,sarcoptes_scabiei,0.9333333333333333,0.7,0.8,20
80,resnet50,noaug,sarcoptes_scabiei,0.85,0.85,0.85,20
96,resnet50,aug_light,sarcoptes_scabiei,0.9285714285714286,0.65,0.7647058823529411,20
96,resnet50,noaug,sarcoptes_scabiei,0.8260869565217391,0.95,0.8837209302325582,20
112,resnet50,aug_light,sarcoptes_scabiei,0.8888888888888888,0.8,0.8421052631578947,20
112,resnet50,noaug,sarcoptes_scabiei,0.8421052631578947,0.8,0.8205128205128205,20
128,resnet50,aug_light,sarcoptes_scabiei,0.9285714285714286,0.65,0.7647058823529411,20
128,resnet50,noaug,sarcoptes_scabiei,0.8823529411764706,0.75,0.8108108108108109,20
160,resnet50,aug_light,sarcoptes_scabiei,0.9333333333333333,0.7,0.8,20
160,resnet50,noaug,sarcoptes_scabiei,0.8947368421052632,0.85,0.8717948717948718,20
192,resnet50,aug_light,sarcoptes_scabiei,0.9444444444444444,0.85,0.8947368421052632,20
192,resnet50,noaug,sarcoptes_scabiei,1.0,0.95,0.9743589743589743,20
224,resnet50,aug_light,sarcoptes_scabiei,0.875,0.7,0.7777777777777778,20
224,resnet50,noaug,sarcoptes_scabiei,0.9473684210526315,0.9,0.9230769230769231,20
256,resnet50,aug_light,sarcoptes_scabiei,1.0,0.9,0.9473684210526315,20
256,resnet50,noaug,sarcoptes_scabiei,0.9047619047619048,0.95,0.926829268292683,20
299,resnet50,aug_light,sarcoptes_scabiei,1.0,0.95,0.9743589743589743,20
299,resnet50,noaug,sarcoptes_scabiei,0.95,0.95,0.95,20
32,densenet121,aug_light,tinea_corporis,0.375,0.6,0.46153846153846156,20
32,densenet121,noaug,tinea_corporis,0.5,0.65,0.5652173913043478,20
40,densenet121,aug_light,tinea_corporis,0.4,0.5,0.4444444444444444,20
40,densenet121,noaug,tinea_corporis,0.5,0.7,0.5833333333333334,20
48,densenet121,aug_light,tinea_corporis,0.48148148148148145,0.65,0.5531914893617021,20
48,densenet121,noaug,tinea_corporis,0.45161290322580644,0.7,0.5490196078431373,20
56,densenet121,aug_light,tinea_corporis,0.5,0.7,0.5833333333333334,20
56,densenet121,noaug,tinea_corporis,0.45161290322580644,0.7,0.5490196078431373,20
64,densenet121,aug_light,tinea_corporis,0.4482758620689655,0.65,0.5306122448979592,20
64,densenet121,noaug,tinea_corporis,0.56,0.7,0.6222222222222222,20
80,densenet121,aug_light,tinea_corporis,0.5909090909090909,0.65,0.6190476190476191,20
80,densenet121,noaug,tinea_corporis,0.4074074074074074,0.55,0.46808510638297873,20
96,densenet121,aug_light,tinea_corporis,0.7222222222222222,0.65,0.6842105263157895,20
96,densenet121,noaug,tinea_corporis,0.7,0.7,0.7,20
112,densenet121,aug_light,tinea_corporis,0.52,0.65,0.5777777777777777,20
112,densenet121,noaug,tinea_corporis,0.5769230769230769,0.75,0.6521739130434783,20
128,densenet121,aug_light,tinea_corporis,0.5454545454545454,0.6,0.5714285714285714,20
128,densenet121,noaug,tinea_corporis,0.5483870967741935,0.85,0.6666666666666666,20
160,densenet121,aug_light,tinea_corporis,0.6818181818181818,0.75,0.7142857142857143,20
160,densenet121,noaug,tinea_corporis,0.7,0.7,0.7,20
192,densenet121,aug_light,tinea_corporis,0.7368421052631579,0.7,0.717948717948718,20
192,densenet121,noaug,tinea_corporis,0.6086956521739131,0.7,0.6511627906976745,20
224,densenet121,aug_light,tinea_corporis,0.7142857142857143,0.75,0.7317073170731707,20
224,densenet121,noaug,tinea_corporis,0.6666666666666666,0.7,0.6829268292682927,20
256,densenet121,aug_light,tinea_corporis,0.6,0.75,0.6666666666666666,20
256,densenet121,noaug,tinea_corporis,0.631578947368421,0.6,0.6153846153846154,20
299,densenet121,aug_light,tinea_corporis,0.7,0.7,0.7,20
299,densenet121,noaug,tinea_corporis,0.8571428571428571,0.6,0.7058823529411765,20
32,efficientnet_b0,aug_light,tinea_corporis,0.42857142857142855,0.6,0.5,20
32,efficientnet_b0,noaug,tinea_corporis,0.46875,0.75,0.5769230769230769,20
40,efficientnet_b0,aug_light,tinea_corporis,0.4838709677419355,0.75,0.5882352941176471,20
40,efficientnet_b0,noaug,tinea_corporis,0.6,0.6,0.6,20
48,efficientnet_b0,aug_light,tinea_corporis,0.5217391304347826,0.6,0.5581395348837209,20
48,efficientnet_b0,noaug,tinea_corporis,0.42857142857142855,0.6,0.5,20
56,efficientnet_b0,aug_light,tinea_corporis,0.4375,0.7,0.5384615384615384,20
56,efficientnet_b0,noaug,tinea_corporis,0.4838709677419355,0.75,0.5882352941176471,20
64,efficientnet_b0,aug_light,tinea_corporis,0.5238095238095238,0.55,0.5365853658536586,20
64,efficientnet_b0,noaug,tinea_corporis,0.4642857142857143,0.65,0.5416666666666666,20
80,efficientnet_b0,aug_light,tinea_corporis,0.5238095238095238,0.55,0.5365853658536586,20
80,efficientnet_b0,noaug,tinea_corporis,0.55,0.55,0.55,20
96,efficientnet_b0,aug_light,tinea_corporis,0.5714285714285714,0.6,0.5853658536585366,20
96,efficientnet_b0,noaug,tinea_corporis,0.45,0.45,0.45,20
112,efficientnet_b0,aug_light,tinea_corporis,0.5454545454545454,0.6,0.5714285714285714,20
112,efficientnet_b0,noaug,tinea_corporis,0.5,0.55,0.5238095238095238,20
128,efficientnet_b0,aug_light,tinea_corporis,0.5714285714285714,0.6,0.5853658536585366,20
128,efficientnet_b0,noaug,tinea_corporis,0.6111111111111112,0.55,0.5789473684210527,20
160,efficientnet_b0,aug_light,tinea_corporis,0.6363636363636364,0.7,0.6666666666666666,20
160,efficientnet_b0,noaug,tinea_corporis,0.5925925925925926,0.8,0.6808510638297872,20
192,efficientnet_b0,aug_light,tinea_corporis,0.6842105263157895,0.65,0.6666666666666666,20
192,efficientnet_b0,noaug,tinea_corporis,0.6190476190476191,0.65,0.6341463414634146,20
224,efficientnet_b0,aug_light,tinea_corporis,0.6666666666666666,0.6,0.631578947368421,20
224,efficientnet_b0,noaug,tinea_corporis,0.5185185185185185,0.7,0.5957446808510638,20
256,efficientnet_b0,aug_light,tinea_corporis,0.8235294117647058,0.7,0.7567567567567568,20
256,efficientnet_b0,noaug,tinea_corporis,0.5416666666666666,0.65,0.5909090909090909,20
299,efficientnet_b0,aug_light,tinea_corporis,0.8333333333333334,0.75,0.7894736842105263,20
299,efficientnet_b0,noaug,tinea_corporis,0.7368421052631579,0.7,0.717948717948718,20
80,inception_v3,aug_light,tinea_corporis,0.5,0.6,0.5454545454545454,20
80,inception_v3,noaug,tinea_corporis,0.52,0.65,0.5777777777777777,20
96,inception_v3,aug_light,tinea_corporis,0.5,0.7,0.5833333333333334,20
96,inception_v3,noaug,tinea_corporis,0.5,0.65,0.5652173913043478,20
112,inception_v3,aug_light,tinea_corporis,0.3939393939393939,0.65,0.49056603773584906,20
112,inception_v3,noaug,tinea_corporis,0.5714285714285714,0.6,0.5853658536585366,20
128,inception_v3,aug_light,tinea_corporis,0.34210526315789475,0.65,0.4482758620689655,20
128,inception_v3,noaug,tinea_corporis,0.4,0.5,0.4444444444444444,20
160,inception_v3,aug_light,tinea_corporis,0.6363636363636364,0.7,0.6666666666666666,20
160,inception_v3,noaug,tinea_corporis,0.5172413793103449,0.75,0.6122448979591837,20
192,inception_v3,aug_light,tinea_corporis,0.5,0.6,0.5454545454545454,20
192,inception_v3,noaug,tinea_corporis,0.5789473684210527,0.55,0.5641025641025641,20
224,inception_v3,aug_light,tinea_corporis,0.8666666666666667,0.65,0.7428571428571429,20
224,inception_v3,noaug,tinea_corporis,0.5714285714285714,0.6,0.5853658536585366,20
256,inception_v3,aug_light,tinea_corporis,0.6111111111111112,0.55,0.5789473684210527,20
256,inception_v3,noaug,tinea_corporis,0.5652173913043478,0.65,0.6046511627906976,20
299,inception_v3,aug_light,tinea_corporis,0.7272727272727273,0.8,0.7619047619047619,20
299,inception_v3,noaug,tinea_corporis,0.7,0.7,0.7,20
32,mobilenet_v2,aug_light,tinea_corporis,0.0,0.0,,20
32,mobilenet_v2,noaug,tinea_corporis,0.36666666666666664,0.55,0.44,20
40,mobilenet_v2,aug_light,tinea_corporis,0.3,0.45,0.36,20
40,mobilenet_v2,noaug,tinea_corporis,0.5,0.45,0.47368421052631576,20
48,mobilenet_v2,aug_light,tinea_corporis,0.3157894736842105,0.6,0.41379310344827586,20
48,mobilenet_v2,noaug,tinea_corporis,0.36,0.45,0.4,20
56,mobilenet_v2,aug_light,tinea_corporis,0.5,0.55,0.5238095238095238,20
56,mobilenet_v2,noaug,tinea_corporis,0.65,0.65,0.65,20
64,mobilenet_v2,aug_light,tinea_corporis,0.4166666666666667,0.75,0.5357142857142857,20
64,mobilenet_v2,noaug,tinea_corporis,0.41379310344827586,0.6,0.4897959183673469,20
80,mobilenet_v2,aug_light,tinea_corporis,0.3448275862068966,0.5,0.40816326530612246,20
80,mobilenet_v2,noaug,tinea_corporis,0.5,0.6,0.5454545454545454,20
96,mobilenet_v2,aug_light,tinea_corporis,0.34615384615384615,0.45,0.391304347826087,20
96,mobilenet_v2,noaug,tinea_corporis,0.6153846153846154,0.4,0.48484848484848486,20
112,mobilenet_v2,aug_light,tinea_corporis,0.42857142857142855,0.6,0.5,20
112,mobilenet_v2,noaug,tinea_corporis,0.5625,0.45,0.5,20
128,mobilenet_v2,aug_light,tinea_corporis,0.3333333333333333,0.45,0.3829787234042553,20
128,mobilenet_v2,noaug,tinea_corporis,0.5714285714285714,0.6,0.5853658536585366,20
160,mobilenet_v2,aug_light,tinea_corporis,0.5714285714285714,0.6,0.5853658536585366,20
160,mobilenet_v2,noaug,tinea_corporis,0.5652173913043478,0.65,0.6046511627906976,20
192,mobilenet_v2,aug_light,tinea_corporis,0.46153846153846156,0.6,0.5217391304347826,20
192,mobilenet_v2,noaug,tinea_corporis,0.5652173913043478,0.65,0.6046511627906976,20
224,mobilenet_v2,aug_light,tinea_corporis,0.4482758620689655,0.65,0.5306122448979592,20
224,mobilenet_v2,noaug,tinea_corporis,0.6666666666666666,0.7,0.6829268292682927,20
256,mobilenet_v2,aug_light,tinea_corporis,0.6,0.6,0.6,20
256,mobilenet_v2,noaug,tinea_corporis,0.6470588235294118,0.55,0.5945945945945946,20
299,mobilenet_v2,aug_light,tinea_corporis,0.41379310344827586,0.6,0.4897959183673469,20
299,mobilenet_v2,noaug,tinea_corporis,0.5185185185185185,0.7,0.5957446808510638,20
32,resnet50,aug_light,tinea_corporis,0.65,0.65,0.65,20
32,resnet50,noaug,tinea_corporis,0.4411764705882353,0.75,0.5555555555555556,20
40,resnet50,aug_light,tinea_corporis,0.5789473684210527,0.55,0.5641025641025641,20
40,resnet50,noaug,tinea_corporis,0.46153846153846156,0.6,0.5217391304347826,20
48,resnet50,aug_light,tinea_corporis,0.5357142857142857,0.75,0.625,20
48,resnet50,noaug,tinea_corporis,0.7692307692307693,0.5,0.6060606060606061,20
56,resnet50,aug_light,tinea_corporis,0.6190476190476191,0.65,0.6341463414634146,20
56,resnet50,noaug,tinea_corporis,0.6,0.6,0.6,20
64,resnet50,aug_light,tinea_corporis,0.4838709677419355,0.75,0.5882352941176471,20
64,resnet50,noaug,tinea_corporis,0.5555555555555556,0.75,0.6382978723404256,20
80,resnet50,aug_light,tinea_corporis,0.4473684210526316,0.85,0.5862068965517241,20
80,resnet50,noaug,tinea_corporis,0.5862068965517241,0.85,0.6938775510204082,20
96,resnet50,aug_light,tinea_corporis,0.5,0.75,0.6,20
96,resnet50,noaug,tinea_corporis,0.631578947368421,0.6,0.6153846153846154,20
112,resnet50,aug_light,tinea_corporis,0.5357142857142857,0.75,0.625,20
112,resnet50,noaug,tinea_corporis,0.6363636363636364,0.7,0.6666666666666666,20
128,resnet50,aug_light,tinea_corporis,0.7,0.7,0.7,20
128,resnet50,noaug,tinea_corporis,0.5416666666666666,0.65,0.5909090909090909,20
160,resnet50,aug_light,tinea_corporis,0.5454545454545454,0.6,0.5714285714285714,20
160,resnet50,noaug,tinea_corporis,0.5,0.65,0.5652173913043478,20
192,resnet50,aug_light,tinea_corporis,0.625,0.75,0.6818181818181818,20
192,resnet50,noaug,tinea_corporis,0.6521739130434783,0.75,0.6976744186046512,20
224,resnet50,aug_light,tinea_corporis,0.4444444444444444,0.6,0.5106382978723404,20
224,resnet50,noaug,tinea_corporis,0.5909090909090909,0.65,0.6190476190476191,20
256,resnet50,aug_light,tinea_corporis,0.6363636363636364,0.7,0.6666666666666666,20
256,resnet50,noaug,tinea_corporis,0.6190476190476191,0.65,0.6341463414634146,20
299,resnet50,aug_light,tinea_corporis,0.5483870967741935,0.85,0.6666666666666666,20
299,resnet50,noaug,tinea_corporis,0.6086956521739131,0.7,0.6511627906976745,20
32,densenet121,aug_light,warts,0.6923076923076923,0.45,0.5454545454545454,20
32,densenet121,noaug,warts,0.8888888888888888,0.4,0.5517241379310345,20
40,densenet121,aug_light,warts,0.7857142857142857,0.55,0.6470588235294118,20
40,densenet121,noaug,warts,1.0,0.55,0.7096774193548387,20
48,densenet121,aug_light,warts,0.8666666666666667,0.65,0.7428571428571429,20
48,densenet121,noaug,warts,0.9166666666666666,0.55,0.6875,20
56,densenet121,aug_light,warts,0.7647058823529411,0.65,0.7027027027027027,20
56,densenet121,noaug,warts,1.0,0.4,0.5714285714285714,20
64,densenet121,aug_light,warts,0.7857142857142857,0.55,0.6470588235294118,20
64,densenet121,noaug,warts,0.8333333333333334,0.5,0.625,20
80,densenet121,aug_light,warts,0.7727272727272727,0.85,0.8095238095238095,20
80,densenet121,noaug,warts,0.9090909090909091,0.5,0.6451612903225806,20
96,densenet121,aug_light,warts,0.8888888888888888,0.8,0.8421052631578947,20
96,densenet121,noaug,warts,1.0,0.65,0.7878787878787878,20
112,densenet121,aug_light,warts,1.0,0.75,0.8571428571428571,20
112,densenet121,noaug,warts,1.0,0.75,0.8571428571428571,20
128,densenet121,aug_light,warts,0.8235294117647058,0.7,0.7567567567567568,20
128,densenet121,noaug,warts,1.0,0.7,0.8235294117647058,20
160,densenet121,aug_light,warts,0.8,0.8,0.8,20
160,densenet121,noaug,warts,1.0,0.65,0.7878787878787878,20
192,densenet121,aug_light,warts,0.9411764705882353,0.8,0.8648648648648649,20
192,densenet121,noaug,warts,0.9230769230769231,0.6,0.7272727272727273,20
224,densenet121,aug_light,warts,0.9411764705882353,0.8,0.8648648648648649,20
224,densenet121,noaug,warts,0.9285714285714286,0.65,0.7647058823529411,20
256,densenet121,aug_light,warts,0.9444444444444444,0.85,0.8947368421052632,20
256,densenet121,noaug,warts,1.0,0.55,0.7096774193548387,20
299,densenet121,aug_light,warts,1.0,0.7,0.8235294117647058,20
299,densenet121,noaug,warts,0.95,0.95,0.95,20
32,efficientnet_b0,aug_light,warts,0.5833333333333334,0.35,0.4375,20
32,efficientnet_b0,noaug,warts,0.7,0.35,0.4666666666666667,20
40,efficientnet_b0,aug_light,warts,0.75,0.3,0.42857142857142855,20
40,efficientnet_b0,noaug,warts,1.0,0.45,0.6206896551724138,20
48,efficientnet_b0,aug_light,warts,0.8461538461538461,0.55,0.6666666666666666,20
48,efficientnet_b0,noaug,warts,0.9,0.45,0.6,20
56,efficientnet_b0,aug_light,warts,0.75,0.45,0.5625,20
56,efficientnet_b0,noaug,warts,0.8888888888888888,0.4,0.5517241379310345,20
64,efficientnet_b0,aug_light,warts,1.0,0.6,0.75,20
64,efficientnet_b0,noaug,warts,0.9090909090909091,0.5,0.6451612903225806,20
80,efficientnet_b0,aug_light,warts,0.8235294117647058,0.7,0.7567567567567568,20
80,efficientnet_b0,noaug,warts,0.8666666666666667,0.65,0.7428571428571429,20
96,efficientnet_b0,aug_light,warts,0.8666666666666667,0.65,0.7428571428571429,20
96,efficientnet_b0,noaug,warts,0.8461538461538461,0.55,0.6666666666666666,20
112,efficientnet_b0,aug_light,warts,0.7777777777777778,0.7,0.7368421052631579,20
112,efficientnet_b0,noaug,warts,0.9230769230769231,0.6,0.7272727272727273,20
128,efficientnet_b0,aug_light,warts,0.9411764705882353,0.8,0.8648648648648649,20
128,efficientnet_b0,noaug,warts,1.0,0.6,0.75,20
160,efficientnet_b0,aug_light,warts,0.8823529411764706,0.75,0.8108108108108109,20
160,efficientnet_b0,noaug,warts,1.0,0.65,0.7878787878787878,20
192,efficientnet_b0,aug_light,warts,0.9473684210526315,0.9,0.9230769230769231,20
192,efficientnet_b0,noaug,warts,1.0,0.65,0.7878787878787878,20
224,efficientnet_b0,aug_light,warts,0.8333333333333334,0.75,0.7894736842105263,20
224,efficientnet_b0,noaug,warts,1.0,0.6,0.75,20
256,efficientnet_b0,aug_light,warts,1.0,0.85,0.918918918918919,20
256,efficientnet_b0,noaug,warts,1.0,0.6,0.75,20
299,efficientnet_b0,aug_light,warts,1.0,0.85,0.918918918918919,20
299,efficientnet_b0,noaug,warts,1.0,0.7,0.8235294117647058,20
80,inception_v3,aug_light,warts,0.9,0.45,0.6,20
80,inception_v3,noaug,warts,0.8333333333333334,0.5,0.625,20
96,inception_v3,aug_light,warts,0.8461538461538461,0.55,0.6666666666666666,20
96,inception_v3,noaug,warts,0.9090909090909091,0.5,0.6451612903225806,20
112,inception_v3,aug_light,warts,0.7692307692307693,0.5,0.6060606060606061,20
112,inception_v3,noaug,warts,1.0,0.65,0.7878787878787878,20
128,inception_v3,aug_light,warts,0.9090909090909091,0.5,0.6451612903225806,20
128,inception_v3,noaug,warts,0.8571428571428571,0.6,0.7058823529411765,20
160,inception_v3,aug_light,warts,0.9375,0.75,0.8333333333333334,20
160,inception_v3,noaug,warts,1.0,0.55,0.7096774193548387,20
192,inception_v3,aug_light,warts,1.0,0.6,0.75,20
192,inception_v3,noaug,warts,0.9285714285714286,0.65,0.7647058823529411,20
224,inception_v3,aug_light,warts,1.0,0.9,0.9473684210526315,20
224,inception_v3,noaug,warts,1.0,0.55,0.7096774193548387,20
256,inception_v3,aug_light,warts,1.0,0.7,0.8235294117647058,20
256,inception_v3,noaug,warts,1.0,0.55,0.7096774193548387,20
299,inception_v3,aug_light,warts,1.0,0.75,0.8571428571428571,20
299,inception_v3,noaug,warts,1.0,0.7,0.8235294117647058,20
32,mobilenet_v2,aug_light,warts,0.0,0.0,,20
32,mobilenet_v2,noaug,warts,1.0,0.35,0.5185185185185185,20
40,mobilenet_v2,aug_light,warts,0.6666666666666666,0.1,0.17391304347826086,20
40,mobilenet_v2,noaug,warts,1.0,0.45,0.6206896551724138,20
48,mobilenet_v2,aug_light,warts,0.6,0.15,0.24,20
48,mobilenet_v2,noaug,warts,1.0,0.45,0.6206896551724138,20
56,mobilenet_v2,aug_light,warts,0.875,0.35,0.5,20
56,mobilenet_v2,noaug,warts,1.0,0.4,0.5714285714285714,20
64,mobilenet_v2,aug_light,warts,1.0,0.2,0.3333333333333333,20
64,mobilenet_v2,noaug,warts,0.9166666666666666,0.55,0.6875,20
80,mobilenet_v2,aug_light,warts,0.6666666666666666,0.2,0.3076923076923077,20
80,mobilenet_v2,noaug,warts,1.0,0.6,0.75,20
96,mobilenet_v2,aug_light,warts,1.0,0.6,0.75,20
96,mobilenet_v2,noaug,warts,1.0,0.55,0.7096774193548387,20
112,mobilenet_v2,aug_light,warts,0.5714285714285714,0.2,0.2962962962962963,20
112,mobilenet_v2,noaug,warts,1.0,0.6,0.75,20
128,mobilenet_v2,aug_light,warts,0.7222222222222222,0.65,0.6842105263157895,20
128,mobilenet_v2,noaug,warts,1.0,0.45,0.6206896551724138,20
160,mobilenet_v2,aug_light,warts,0.9166666666666666,0.55,0.6875,20
160,mobilenet_v2,noaug,warts,1.0,0.55,0.7096774193548387,20
192,mobilenet_v2,aug_light,warts,0.9,0.45,0.6,20
192,mobilenet_v2,noaug,warts,1.0,0.7,0.8235294117647058,20
224,mobilenet_v2,aug_light,warts,1.0,0.55,0.7096774193548387,20
224,mobilenet_v2,noaug,warts,1.0,0.65,0.7878787878787878,20
256,mobilenet_v2,aug_light,warts,1.0,0.7,0.8235294117647058,20
256,mobilenet_v2,noaug,warts,1.0,0.6,0.75,20
299,mobilenet_v2,aug_light,warts,0.8571428571428571,0.6,0.7058823529411765,20
299,mobilenet_v2,noaug,warts,1.0,0.55,0.7096774193548387,20
32,resnet50,aug_light,warts,0.9285714285714286,0.65,0.7647058823529411,20
32,resnet50,noaug,warts,0.8888888888888888,0.4,0.5517241379310345,20
40,resnet50,aug_light,warts,0.9090909090909091,0.5,0.6451612903225806,20
40,resnet50,noaug,warts,1.0,0.5,0.6666666666666666,20
48,resnet50,aug_light,warts,1.0,0.45,0.6206896551724138,20
48,resnet50,noaug,warts,0.9090909090909091,0.5,0.6451612903225806,20
56,resnet50,aug_light,warts,1.0,0.55,0.7096774193548387,20
56,resnet50,noaug,warts,1.0,0.45,0.6206896551724138,20
64,resnet50,aug_light,warts,0.9166666666666666,0.55,0.6875,20
64,resnet50,noaug,warts,1.0,0.45,0.6206896551724138,20
80,resnet50,aug_light,warts,0.8333333333333334,0.5,0.625,20
80,resnet50,noaug,warts,0.9,0.45,0.6,20
96,resnet50,aug_light,warts,0.7222222222222222,0.65,0.6842105263157895,20
96,resnet50,noaug,warts,1.0,0.6,0.75,20
112,resnet50,aug_light,warts,1.0,0.55,0.7096774193548387,20
112,resnet50,noaug,warts,1.0,0.6,0.75,20
128,resnet50,aug_light,warts,1.0,0.65,0.7878787878787878,20
128,resnet50,noaug,warts,1.0,0.65,0.7878787878787878,20
160,resnet50,aug_light,warts,1.0,0.6,0.75,20
160,resnet50,noaug,warts,1.0,0.55,0.7096774193548387,20
192,resnet50,aug_light,warts,1.0,0.7,0.8235294117647058,20
192,resnet50,noaug,warts,1.0,0.6,0.75,20
224,resnet50,aug_light,warts,1.0,0.4,0.5714285714285714,20
224,resnet50,noaug,warts,1.0,0.6,0.75,20
256,resnet50,aug_light,warts,1.0,0.7,0.8235294117647058,20
256,resnet50,noaug,warts,1.0,0.65,0.7878787878787878,20
299,resnet50,aug_light,warts,1.0,0.6,0.75,20
299,resnet50,noaug,warts,1.0,0.65,0.7878787878787878,20
